,text,id
0,Will create LLM for my tweets,1633794532637818882
1,Salamat sa disappointment @greyunitato,1631715791140966400
2,Salamat sa laging pag disappoint,1631715700271386624
3,2 am still no sign,1631715655711096833
4,The usual. Nakalimutan na may jowa. Thank you. Will do the same to you.,1631715318820384768
5,Have a social life just to spite,1631711058061844480
6,"We angry, not sad",1631703492594380801
7,Pretend that errthings okay,1631703422306242561
8,Pretend like we okay,1631701639697661953
9,Damn. I‚Äôm getting tired of solitude but whatever,1631681757853659136
10,Let‚Äôs bottle shit up and see how long we can stay sane! :),1630497946436538373
11,"Goddamnit, i need a safe space",1630121996288937984
12,Note to self: Inarte = saloobin.,1630116595975733248
13,"Let me just mark this day as the day I finally accept na kahit anong gawin ko, di na talaga ako magiging masaya.",1630113227932831745
14,"‚ÄúHow do you plan on living your life?‚Äù 
With sheer will and intense focused hatred.",1630101900069851136
15,I‚Äôm fucking old,1630101377941929984
16,Umay talaga sa mukha nun,1630101179211599872
17,It's not space that I want.,1617142285006934017
18,BWAHAHAHAHAHAHAHHAHAH,1614644848027643906
19,"Ayun naman pala. 
Ako pala talaga yung kontabida.",1614644757829124103
20,"But of course. 
Everyone but me gets screen time.",1614572579150499840
21,"New Years Reso? 
Fuxk this personality, time to start a new one. 
Or be a sociopath. Whichever.",1609178838327791616
22,You don't fucking see me talking to my exes.,1603024463993667584
23,Lol di nga kaya kagit blind item lang,1601547261397569536
24,"Medyo tanga po yung kumukuha ng di nya order. 
Medyo bobo ka po di ka nagtatanong.",1601200831868862465
25,"Right then and there, nung sinabi pa lang sa'kin na 
""picturan mo kami"" 
I knew HAHAHHA
Saet pa din tho",1599794309028794369
26,"Edi don't i-post.
Di ko naman hangad e.",1599779372525031424
27,"Thanks @taylorswift13 for spending 3,440 minutes with me in 2022. I couldn‚Äôt stop listening to champagne problems. #SpotifyWrapped https://t.co/SdSMJKyyN8",1597962770401886209
28,Am I really borderline suicidal? And in need of help?,1594692490141265921
29,I let you know how I feel and that's how you see it. Okay. Sige.,1594691207615369217
30,No one needs to hear my thoughts.,1594688220885053441
31,"You're doing good david
Please be good.",1592163443171528705
32,Gago edi wow.,1590251002007257089
33,It's sad how you're a recurring theme.,1586077058874363904
34,Someone congratulated me... Felt nice.,1583020195807133697
35,Nagyaya ang putangina. Gago.,1582350938849038336
36,Sana lahat may pa special mention.,1580084391677943808
37,I'll fucking ride again.,1576246139200110592
38,Need to hvae my own thing. Buti na lang uuwi ko yung motor.,1576246092764631040
39,"I'm tired, man.",1575691394051903488
40,Kill me now.,1570698460374110209
41,"Everyone seems to empathize with depression. 
But will that notion change once the depressed person is your significant other?",1570593704917991432
42,I'm really fucking scared. I want her but I'm so fucking scared.,1568950464397611008
43,I'm fucken weirded out. I love her yet everything about her scares me.,1568948443128934401
44,Killl me now,1567899558503677953
45,MY FUCKING GOD. 3 FUCKING YEARS IN WORK AND ALREADY PLAYING WITH THE BEEG BOYZ,1567427457145532419
46,"Sabi sa resume ""Flexible and can work in pressure"" pero puta may anxiety. Gago ano yun? HAHAHAHAHAH",1565539126237343744
47,"Might be because deep down, I want it to end.",1564159323835895808
48,Not my environment. Should create one.,1564158147945971713
49,Fuck you and all that is you believe in.,1564156508841324544
50,Should've just worked. Fucking. Annoying.,1564156240275849217
51,Maxime is just a dumbass name. As well as Cahu. Disgusting name.,1564087403228594182
52,"Tungunu, weekend work nanaman :c",1563170941131436032
53,Oumay sa trabaho. Gago. Alis na ako maaga.,1562425912590708737
54,"Blasted my fouqing ears, now I only hear is
EEEEEEEEEEEEEEEEEEEEEEEEEEEEEEEEEEEEEEEEP",1562088926911025153
55,Shiny pokemon.,1562087033153417217
56,WALA AKONG PUQINANG-QINANG SHINY MAKAUSAP.,1562082949184786432
57,"At this time and age, may nasasabihan sana ako ng init ng ulo ko. Pero wala e. Source din e.",1562082846919241730
58,UMAY MALALA.,1562082624562409472
59,OUMAY AMPOTA. GAGO. YAWA. YOKO NA. BACK TO SHELL.,1562082055609282561
60,FUCKING SIGE. AT LEAST MAGISA NA AKO BUKAS.,1562081871038922754
61,TANGINA TAPOS MAINIT PA ULO KO. GAGO. EDI LET IT BURN,1562081734895992834
62,"GAGO, DI KO WORK TO PERO SIGE",1562081662758191104
63,FUGGING BEING THROWN UNDER THE BUS HAHAHA,1562081579069247490
64,HAHAHAHATDOG.,1562081491634749440
65,I'm so fucking... I don't fucking know... What am I even supposed to do?,1556674824680148993
66,"Ito pala sense ng twitter. 
Labasan ng sama ng loob. 
Wala naman nakakabasa e. 
Wala naman may pake. 

Kewl kewl kewl kewl kewl",1556674400396918789
67,Tangina. Next time. Will live like I don't give any fucks.,1556672679675318273
68,Wag ka na umulit sa ganito.,1556672552214614018
69,Nakakaumay yung ganito.,1556672514507833344
70,Why do you always disappoint?,1556667593599373313
71,Barely doing anything. As usual.,1556667336496939008
72,I barely fucking interact with fucking anyone and yet you're still blinded by the thought that someone else is going to steal me from you when clearly it's the other way around.,1556161360278749184
73,Ang hirap ng gusto mo maging mayaman tapos walang backer.,1556118463680479232
74,"An homage to you, and everything we could have been.
@greyunitato https://t.co/iikl6YLQhi",1555845342733955074
75,Now what?  I just feel more useless than ever.,1554161193056894976
76,August or Aughosting kasi napaka sakit,1554063458492383232
77,Fucking August,1554063056074047494
78,"Don't be like me. Be like someone else. Apparently, that's what works. So be someone else.",1551981613718056960
79,"The urge to say ""Think for yourself"" is so high rn",1551567480472014853
80,"Saya ko dito oh. 
David maging masaya ka naman please. https://t.co/BDx6B0DvzY",1551549222402822146
81,I feel so pointless,1551546797998604288
82,TL na tapos gago biglang nawalan ng goal.,1551544145063612416
83,"I guess era ko na ulit ng pagiging sad boi HAHAHAHA. 
Or... Workaholic?",1550427908572729344
84,I'm a 10 but legit a red flag. HAHAHHAHA. https://t.co/ieHj2N3UUL,1550427407135358977
85,Yep. Sorry kasi di ako si Steve Harrington. https://t.co/XUq53fxZFr,1550426912907935745
86,"Gago. Tama na. Nakakahiya ka na. 
Well. Ako lang naman nakakaintindi sa sarili ko edi... Bye?",1550426714437603329
87,Hihi. Mas masaya pag mag-isa. Sarili mo lang problema mo. Papakitang tao ka sa iba paminsan lang. Pero deep inside wala ka naman talaga pake ih. Hahahah.,1550426478495481856
88,No need for the note to self.,1550422964306227200
89,Lol di na pala kayo.,1550422901278461955
90,Puta umay talaga.,1550400522389139456
91,Note to self: Di kayo pag nasa labas,1550400260463218690
92,Tanginang mapapa-install ng twitter para magrant kasi alam ko na pag sinabi ko sa'yo e magaaway tayo.,1550399286499688448
93,Disappointing.,1547285823980453889
94,"Tangina? Lakas maka-throwback sa time na lugmok na lugmok ako sa buhay
https://t.co/rSCvWoY7Vb",1546900582073794560
95,Bye for now or for longer? Idk.,1545805287583465472
96,"I miss you bebu. The person that I met in bumble that despite having a shit day, would always greet me with a smile and tell me that what I'm feeling is valid.",1545329907210731521
97,Tangina. It's always the bad thing about me that spreads and never the good thing. Well. Ano pa nga ba?,1545103171772489728
98,"I have issues. Fuck.
Time to not duck down and see nothing as I continue to soldier on. 
Wala nga pala dapat ako nararamdaman.",1545102378893856770
99,Gusto lang naman makausap pero why the fuck does it feel like you can't give me the time of day.,1545102022432604160
100,Puta shut up ulit tayo malala.,1545101878848942080
101,Naol good person. I guess I'm the bad guy.,1545101774918279168
102,I feel invalidated. Maybe it's me that invalidates my feelings. Idk.,1545101628692254726
103,Di daw pinagtarayan pero halata sa kilos.,1543610153106153472
104,That one fucking time I acted up because sumosobra na. Still viewed as something bad. Damn.,1543608368828272640
105,"Tangina mo naman David, milestone pero puta pagod ka. Anyare?",1543157415696162821
106,Siguro nga umay ka na sa'kin.,1543156913625374720
107,Never did you fucking tweet about how happy you are with me. It's always the sad part. Huh? Why namarn ganun?,1543156772982075392
108,Gago. Hirap lumugar.,1543156339706187781
109,"Gag*. Yung dama mo yung disappointment ng lahat tapos yung isang inaasahan mo na maiintindihan ka, sya pa yung pinakadisappointed.",1543156299948445696
110,"Puta mas gusto mo pa sya kausap kaysa sa'kin e. 
A day didn't pass na di kayo nagusap. Oks.",1543155970854907904
111,"Itaga mo sa bato 'tong words na 'to ""Ano? Promotion nanaman?"" - Noel, 2022",1541718050181095424
112,"Yeah this song.

https://t.co/EhOzlJrPY7",1541330683657723904
113,Shit. I broke muhself again.,1541325188872122368
114,I don't care. I'll be spiteful all my life.,1541323444750389250
115,Spite really is the best energy,1541319574385176576
116,"Tangina o HAHAHA Tatanga tanga ka pala e 
HAHAHAHA",1539305490764922881
117,The world wants me dead and that's for sure.,1539223421325746178
118,"We have lots of pictures but I'm not shown anywhere. 
I am basically non-existent to you.",1538574732261732352
119,"Tangina netong isang hayup na 'to. 
Dahil sa kanya nasira lahat.",1537535630531391488
120,"Even if it's a little thing, please work. 
I'm already at my lowest. 
Please work. 
Just please work.",1534065413566263296
121,I fucking need help.,1533789869960355840
122,"Ikalma mo. 
Alam mo naman na kung ano pinasok mo. 
Wag ka na magsalita.",1532230898443177986
123,"Ganito every argument? 
Kill me now.",1531591937127354368
124,Tangina. Hindi nila ako makita as someone. Lagi na lang as workmate. Ah geh. Kung ganyan na lang. Edi sige. Wala naman akong problema dun e.,1527334517584715804
125,"""Para kang fireworks, papakita sa life ko then aalis din.
Iba-ibang colors, like yung different David na nakikilala ko everytime we chat.
Ang ganda mo, but at the same time ang harmful mo.
But yung experience ay worth it.""",1527259972689465346
126,"I will always be inept.
Never enough.",1526593473276571649
127,Tangina sorry na. Mahinang klase ang jowa mo.,1526593235224649733
128,Ayoko na.,1525044132502155265
129,"Oh wait, ako pala mag p-provide nun.",1524365871195426819
130,"Maging proud ka din sana sa'kin. 
Maging excited ka din sana dun. 
Maging vocal ka sana sa'kin.
Tangina, ipag malaki mo ako please.",1524365809815941120
131,"And lastly since bobo ako. 
I'd prefer it if proud ka din sa mga efforts ko today. Goddamn am I fucking tired of all the things that I've done today.",1524365625501442049
132,Damn am I selfish.,1524365465073504256
133,"In the end, I can't even provide the solace that you need.",1523490668785537024
134,Nakakairita yung pasaring and di ka diretsuhin,1523489568682483712
135,"I wish to not be aware of these feelings. 
Potato ka.",1522216175568007169
136,Di ko malilimutan yung kape na tinimpla mo para sa'kin.,1522176324814532608
137,"Can't say shit so just gonna leave it here. 
""Alam mo? This happens every time. You actually forget about me pag nandyan mga kaibigan mo.""",1504051423935311872
138,Fucking happy weekend.,1499756570309447680
139,fukcin please talk to me,1499748303214288897
140,"I have a new drinking game. 
Every time I think of something stupid I drink/",1496745763069562883
141,"Fuckit. 
I'll keep this account to myself.",1496710561760833538
142,"Only sad boi posting here 
Nothing to see",1492794104627228672
143,I wish to be dum-dum.,1491347703330406400
144,When will it all get real to me?,1491010640340676609
145,i hate how i'm so insecure about how i look and that i have this stupid notion to top everyone that's been in your past. to that i say. fuck it. ako nandito ngayon. san ka na?,1488853216368345089
146,"It should triumph over anything. 
And it does. 
I'm just scared. Insecure. 
I want clarity. I feel like I'll fucking breakdown pag nilabelan ako. FUCK.",1486267687718518787
147,"Me wanting to run away: 
Suicidal thoughts. 
Me wanting to grow: 
Arguing with myself. 
Me wanting to calm down: 
Worries intensifies.",1486262535695515649
148,David. Tama na. Proud naman na ako sa'yo. You took the risk. You made adjustments. All that's left is to let it go. Magiging mas masaya ka pag ni-let go mo. So please. Ako na mismo nagmamaka-awa sa'yo.,1486261326809006084
149,"Naiintindihan mo naman na e. Aware ka naman na. Ano pa ba kulang? David. Please? For your sanity. Please. Just let it go. Nothing will help mulling about it. 
Please. David. Tama na.",1486260552578265089
150,"Brain. Please. Shut up. Give me a break. I-let go mo na, please? Tama na. Ikaw na lang yung tanga.",1486260144690577408
151,"I don't want to be mad anymore. 
I just want to shut up and be disappointed and then disregard my disappointment later.",1486234795256745987
152,"Like really. 
You. Are. The. Now. With. Certainty. 
HOW. ARE. YOU. MORE. SCARED.",1485585648019193862
153,"Let it go. 
Focus on what you have now. 
That's how happy people live. 
You? You live in constant regret of the past and fear of the future. 
But why?",1485584834793963525
154,Tapos mabibingi ako.,1485150571526975488
155,"I wish to have headphones louder than my thoughts.
Putangina.",1485149623232589824
156,"You know what's my greatest worry? 
Well, wala pa nga label and what if sabihin nya sa'kin bukas na 
""Wala naman tayo label, inentertain lang kita"" 
I know na di nya sasabihin yun but this is me overthinking.",1484570800766484481
157,"Always. Insecure. Never.
""Confident ako sa'yo""",1484395175359414272
158,Ang unfair ko naman.,1484026435878944770
159,"Kasi kung di ko iniisip yun, edi hindi problema yun. 
Ano ba toyo ko?",1484026393264812033
160,"It's just a constant battle of ""Don't fucking get insecure.""",1484025617419235329
161,Anyways,1484025411093020672
162,"I'm redefining how I think love should be. 
It's definitely challenging.",1483799639686287366
163,"I'm a fucking idiot. 
I don't the ABC's of relationship. 
I don't know anything at all. 
I REALLY FUCKING DON'T. 
EVERYTHING IS NEW.  
SO WHAT DO I FUCKING DO?",1483723165167931395
164,I'm already tired of the game just after 1.,1483666213804777472
165,"So after some deep realization and some rational thinking. I don't know how I think I should feel. 
Which is bad. I shouldn't think about how I feel.",1483653929388838912
166,I can't anymore with the no sleep.,1479613583377907713
167,I... really need to do something to keep my mind off of things.,1478618465925681153
168,"That one person I would love to like the post still hasn't liked the post. Idek why? Was I too cheesy? Too showy? What's wrong? I shouldn't mind it right? 
Yeah. Omks.",1478381761600307201
169,THIS YEAR: Di na ako itatago.,1478261145941118977
170,2021 Year Review,1476858129086554114
171,"Gago ang saya ko.
nagkita kami, and nakumpleto yung taon ko",1476207372863373314
172,"I'm so fucking confused rn. 
Want to just feel the wind and think deeply of what I said.",1476187712700907521
173,"When self doubt kicks in. I have no fucking clue how to deal with it still. 
Achievements? Ano? 
Plans? All will fail. 
Skills? Fucking useless.",1475124676620091392
174,"Eto naaaaaa 
Isang tulog na lang",1475027004953346053
175,"Still fucked 
Like everything is according to plan 
but fucking hell why is everyone disappointed. 
Everyone but you",1474738914669719554
176,"Mah guy, just leave me on my own devices and I'll ask for help when I need it.",1474722761633251329
177,"So total independence gusto nyo na gawin ko? 
Yung di nyo na ako makikita?",1474710591591706625
178,"I fuckin made it all by myself. 
Why the fuck is thay still not the standard?",1474710430014574595
179,I ain't growing any younger.,1474709435729657856
180,What a fucking year it was.,1474709072951709698
181,"I'm in the 'Could you all just fuck off' mood. 
HAAHHAHAHAH",1473966785569308677
182,Sinetch yung namroblema agad sa problema na wala pa?,1473337205758525444
183,"""Piliin sana ako gaya ng pagpili ko sa'yo""
- Of confused thoughts meant to hide.",1473107419995996162
184,QUICK! SAY SOMETHING STUPID.,1472995776116625411
185,https://t.co/LoI6jU6EVR https://t.co/54NSOr8jbP,1472499413948186629
186,So proud of the people that I work with &lt;3,1471149191871172610
187,"Nahihilo, nalilito
Asan nga ba ang demo neto?",1470693958665728002
188,"*Bought Witcher 3 and all of its dlc
*Have all the time to play it
*Still won't play it 
*Mind is looking to work",1469968065702297602
189,"Always felt stupid. 
Wasn't baseless after all.",1469916556205629441
190,"Relationship sure is hard.
It's scary as hell. But somehow I still want to do it .",1469685575326511104
191,"Recently, I came to believe that I've been incapable of crying my eyes out. 
But remembering the happyness that you give me made it rain hard where I stand.",1469483661565493251
192,"""Get a life. Just please don't let your world revolve on a single person again. We'll be fucked if all fails."" 
- Of thoughts.",1469342243538419717
193,"""Seriously, just stay still. Just stay still already.""
- Of thoughts.",1469341818349228033
194,"""Please be real still my heart."" 
- Dead.",1469340785120202754
195,"""Please be still my heart."" 
- Of thoughts to be ingrained.",1469339022132596739
196,"""Be still my heart.""
- Of thoughts to remember.",1469311262878101506
197,"So ayun, kaming dalawa lang pala yung shunga.",1469308256203931655
198,Don't expect other people to return the things that you do for them. Ikaw lang yung tanga na nagbigay ng lahat.,1469261180770258945
199,"Need to fix my mood, just before anything happens.",1469194096195473411
200,Fck? Why am I in such a bad mood? Did I kick my ego somewhere?,1469191846496591872
201,Silence has always been awkward for me.,1468609122811609095
202,"Someday, ma-t-tag din kita. And by then, sinagot mo na ako.",1467894698979127297
203,Being happy by my own is something I've been incapable of since I was young. It's always been constant feeling of lacking something very important.,1467886081920016391
204,Being a real dumdum for being happy in the dumbest of things.,1467884730578194435
205,"""I can wait. I'm already happy."" 
- Of grateful thoughts meant to tell you.",1467884464814510081
206,"""Kulang na kulang ako, 
Yun ang akala ko. 
Ngunit nung ika'y nakilala ko, 
Nalaman ko na sapat na 'ko."" 
- Of gentle thoughts meant to show",1467048417230995461
207,https://t.co/Peg2XeBlD2 https://t.co/p2nzT6FQtF,1467042402561310727
208,Kulang na kulang.,1466685629584924672
209,"""Kulang na kulang ka pa David""
- Of Damned thoughts meant to be burned in my mind.",1466684672654544901
210,Never expect again.,1466051452984389634
211,Haven't been eating well tbh.,1466002941932830720
212,"""All my insecurities are slowly going away because of you. Thank you."" 
- Of Grateful thoughts meant to be shared.",1466001860381184001
213,"Welp, I guess that's the end of that. 
I plan to never go into that position.",1466000740615274499
214,"Taena talaga, I feel awful as hell.",1465998972590301189
215,"I feel so goddamn awful for failing someone in their career. 
Goddamnit. I feel nauseas.",1465998064687075334
216,"Always had this feeling of ineptitude that never left me. 
Any suggestions how I can remove this?",1465980557385371651
217,"""Ikaw lagi ang pipiliin ko."" 
- Of Grateful thoughts meant to be shared.",1465978758716743684
218,"""Akala ko para sa'kin.""
- Of selfish thoughts never to come out",1464254818260717571
219,"""Wouldn't you be happy if naging 'tayo'?""
- Of ungrateful thoughts never to come out",1464252398499553282
220,"""I'm the toxic one in this relationship.""
- Of thoughts to be casted away.",1464236537160224768
221,"""Sana di na lang ako demanding sa attention mo"" 
- Of thoughts never meant to come out.",1464236039858315269
222,"""I just want to be happy with someone. Please. I'm spent. I'm tired.""
- Of tired thoughts never to come out.",1462979380100026371
223,"""Tangina gusto ko maging masaya bakit ba hindi pwede?
Lagi na lang ba ganito? 
Kailangan ko isakripisyo ang sarili ko para sa iba?
'Di ba pwede na 'ako' muna?""
- Of ideas never to come out.",1462818722867908612
224,"""Bakit ngayon ka pa hahabol kung kailan wala na? 
Bakit hindi noon kung kailan ipinaglalaban pa kita?
Bakit kung kailan masaya na ako, dun mo ipapakita na kailangan mo ako? 
Bakit parang ang dami ko pang pagkukulang sa'yo?""
- Of thoughts never to come out.",1462816926103597056
225,My head hurts and I can't eat cuz of it,1462747392365629452
226,Shangingangnang withdrawal sa kape yarn oh.,1462731160866344960
227,I wanna faken argue with someone,1461903645155282946
228,Wag ka na umiyak please. Ang selfish na.,1461734911916666882
229,Please David. Stop na.,1461734841863393283
230,David just stop. Please. You're being selfish.,1461734687613673472
231,"In the end, another's name got involved to hide. 
- of the same project, 2",1461720107298689031
232,"I want the world to know that I'm yours but I can't. I'm tied. You'll suffer the backlash instead of me.
- of the same project",1461718085484744705
233,I still am afraid. Damn.,1461589584945442817
234,"I'll be not sad because I still have responsibilities to fulfill, can't die just yet",1461332048551895041
235,"XXXTentacion's - Jocelyn Flores: 
""I'm in pain, wanna put ten shots in my brain
I've been trippin' 'bout some things, can't change.""",1461330077031882752
236,"Awat na di naman ma-a-address ih, so stahp na",1461329065969795075
237,Stahp na,1461328987662151687
238,Me to me: https://t.co/xAkwkTdFP0,1461328620920524807
239,Tangina bakit ka ba malungkot?,1461327600496758785
240,"Lagi na lang po ba malabo? 
Pwede po ba makakuha ng kompirmasyon?
Ano pa nga ba ang kulang? 
Ako nga ba'y ikinahihiya? 
Sino ako? Ano ba tayo? 

- Kalinawan",1461314162466836483
241,Kailangan ko ng kalinawan.,1461313326642655232
242,"Should just be happy with what I get? Yeah I think I should. STFU and enjoy. Nothing  good comes from expecting something. 
But in all honesty, it does make me sad.",1461313065849294854
243,Wen kaya?,1461255873213304835
244,How I got here? I don't know.,1461151893527224323
245,Earphones is no loner loud enough to drown the thoughts.,1461151273521082368
246,Ang labo,1461116889841602560
247,I feel so appreciated.  Damn. Ito na ba yung 'healthy relationship'?,1460443218630217728
248,Fucking someone unscrewed the cap on the soy!!!! Now there's too much!!!,1459937194546659328
249,Didn't think I was just a shadow of someone else.,1459933706676699139
250,And to think someone already called me out for it. Goddamn it.,1459933576107937796
251,Pass the fucking soy sauce please. I need it.,1459927949520490496
252,"Infamous in my own way. But seriously tho, people who know me, stop citing my name like it's a goddamn source material.",1459812201359822854
253,Me just venting hoping someone would reply,1459811294823944193
254,I twitter when I don't wanna say anything,1459800890005549060
255,Ako na lang sana ang pipilin araw araw.,1459797302189588488
256,Mf I dont know how2parent,1459764346020503558
257,Shuta permission to teleport na lang talaga kulang magteteleport na ako sayo,1459546414963322882
258,"Yep, it do be fine.",1459509436364431373
259,"I will buy motor to die in style 
Harurot sa NLEX para sumalpok sa 10 wheeler, it do be epic. and insta-fame for liek 10 secs",1459506798600155137
260,Thank fuck there's barely anyone who'll read this.,1459473010453200900
261,Man am I upset.,1459472762376908801
262,._.,1459472278538752001
263,Oh boy here we go again.,1459470325784010753
264,"Yup. Done. 
Work it is then.",1459470000872321035
265,"Ehem. 
Professional nga pala. Brb. Tapon ko lmag",1459469299274317827
266,Duuuuuhhh????!!! Helllooooo??? Yan ka lang duuuuuh????,1459468872344477700
267,Bakit ka magseselos? Wala nga kayo label e. Ilugar mo wag kang bobo,1459461077729644545
268,Insecure.,1459373215000657923
269,I'm a changed man. I need not to fret about mundane fcks.,1459372411783028738
270,tungunu mo i process mo yan.,1459372067011268610
271,I wan stress sa work. PLITH. LETSE ka Tadhana,1459370232535945217
272,"Yes I'm online at work, no I don't want to work.
Yes I have no choice, no I'm not in deadline.
YES I'M CONFUSED. NO IT'S NOT WORK.¬†
Damn do I wish I was just stressed in work.",1459369867157532672
273,My salary is directly directly proportional to my pride HAHAHAHA bobo,1459366911238574082
274,Here's to some more bs that I'll put to twitter.,1459366744833675268
275,"Stress is an understatement, I thonk",1459366597118808064
276,mf I need to process so much information in one day,1459366504416235525
277,"Nap time~ 
AAAAAAAAAAAAAAA &lt;3",1459062993610629124
278,"If may confidence lang ako ilagay ka sa myday 
Kese ekew nemen lege eng erew ku hihi",1458962498535657488
279,"Ehe... Lande 
Online story telling hihi",1458962160374091799
280,Masaet my head,1458797096987860998
281,I can't afford to love anyone just yet. Not yet. not good.,1455541668548124677
282,Frick,1455541080573845514
283,https://t.co/skB1sEgm28,1437691946365947905
284,I still like Supercell even if they haven't release anything for so long :[,1430389346331287557
285,Fowkin have a good pc but can't play anything now,1416683705536446465
286,Tumbling x1,1414445524145434624
287,"Bruh 
My body is so ready for a vacation",1413380343005016066
288,"Should not be jealous of someone that eggs on someone else to buy them something. 
#BuhatBayag",1413048351914807299
289,Me thinking about my monkey brain going hay wire,1411970386162438148
290,All Eyes On Me,1409382564855308288
291,Can't help but feel like I've been lied to HAHAHAHAHA,1406903512131244034
292,"I've been fucking trying to cry for the last 12 hours 
It's not working",1406302126339362821
293,Shameful,1405857181979738118
294,JUST FUCK. FUCK FUCK FUCK.,1405856219760185353
295,FCK. JUST FCK,1405856010846171136
296,Kingina mooooo reeee,1400810146679246848
297,"Sa twitter maginay
REEEEEEEEEEEEEEEEEEEEEEEEEEEEEEE",1400809697565839369
298,I'm kinda ded  agin,1393834665979510787
299,"No fucking why I can't settle down, I can't play game, I can't code. 
It's the fucken book that's staring down at me waiting me to take it and read the entirety of it. Bruh",1388803765839351808
300,I'll write my own success story.,1383718111900098560
301,22 and still have nothing.,1374189017164488704
302,Remind me to never celebrate my birthday.,1373969458851541000
303,On a scale of 1 - 10 how dumb am I?,1373857740930510852
304,I'm not breathing properly again.,1372849615070892033
305,It's really my fault for expecting.,1372849169929359361
306,Take on life by the horns.,1368773540405682179
307,"I'll keep silent. 
I won't play the victim card.
I'll soldier on. 
I'll keep to myself.",1368478808320266251
308,"Aight 
Imma take a bath and take this by the horn",1368406787360124929
309,"It's weird, I feel like I'm holding my breath for some reason, but when I get to talk to you, it's like I finally learned to breath normally.",1368404535425650692
310,I fell in love. Bruh.,1363447146087919619
311,"Had a black part in my mind, seems like I just fell out of love.",1362671301589049346
312,"I remember the times when I was really dumb that my food for recess was the same old ""Crossini tsaka juice, lista kay mami""  in a really high voice.",1361566259104550916
313,Im so tired.,1360666166117638145
314,"Dearest Camille, 

Happy Valentines. It's really sad that maybe this is the last valentines I'll spend with you.  I love you so much. But the feeling of fear of you leaving is always there. I feel like I'm begging for you to stay. Like everything will cave in if I slip up.",1360663536867840000
315,"I think I'm done with multiplayer games.
I don't wanna play them anymore.",1360629055981113349
316,"Yung Valentines bukas pero single ka. 
Hihi.",1360564407302987782
317,I WANT A FUCK OFF PILL,1356594034777546756
318,my corporate work went up,1355159579953258499
319,"So that's like Apple. 
Hahahah",1349388152578793473
320,"Another.
Healing stones.  Technically not ""Nothing"" 
But get a random stone, be charismatic enough and convincing. You might just be able to sell it. Actually, I might try that. 
Sell an idea and not the product itself.",1349388103656427520
321,"Something from nothing?
Feng shui prediction. Why do so many believe it? They wanted to sell an idea that furniture placement affect you. Well they did it. Your belief on feng shui made you a susceptible market for it.",1349387741285412869
322,"I don't get why people always use ""anger"" as an excuse for their bad behaviours. 
If you're mad then doesn't that just mean you're releasing everything that has pent up? 
So all those things you say or do are actually what you truly are.",1341799482803986432
323,"Bruh. Wala akong pake? Nanaman? 
Lagi na lang.",1336370079999483904
324,Haa... Let it go.,1332376495319236608
325,"Â∏åÊúõ , Âñú„Å≥? 
Hope and joy?
Uhhh where the fuq did the ""Liwanag"" go? 
https://t.co/hSalD3aWyW https://t.co/O3zmy8wPUd",1332344311376068609
326,"TARA NGA ayop na yan 
Inom tayo habang nag s-sea of thieves para sakto-sakto https://t.co/X8xmLPCaEj",1332342357321076736
327,Oks talaga :),1332341773486551046
328,"Tangina ang sakit din pala. 
Yung lahat sila nakabati sa wall nya tapos ikaw, kahit isa wala. 
Oks.",1332341506787528704
329,Unpopular opinion: Just wait for another wave of manufacture of Ps5 instead of buying from scalpers.,1332175426186223623
330,Succ mah pp. https://t.co/BuSOaR9xYr,1330720873511153664
331,Arat. https://t.co/FQqjNvMjc6,1330720549081808904
332,Months pass and I continue to tell myself that I love her because that's the way I want it to be. This led me to the confusion that I was the one that was exerting the effort to keep our relationship afloat. But the reality is that it was her all along. https://t.co/THJIEC5odF,1330448535045636096
333,"I know that I'm not fit to be with her, but I at least want to try my best. But recently, I'm starting to question my love for her. It's so hypocritical of me, more so that my mind made it to this point. She's given so much to me and yet I continue to take advantage of her. https://t.co/7dzLrAo8Uq",1330447748412231681
334,But I started to forget. This should say a lot on the situation that mind is going through. This pandemic absolutely made a large rift to the both of us. But it seems like I've never been giving her much of the love that I gave from the start. https://t.co/bJVDJEkFou,1330446869487624192
335,"I barely remember the most romantic event in my life. 
The stupid me played ""Lover"" to set the mood, then I gave my girlfriend a gift. And the gift was so significant to her that she started bawling her eyes out. This memory means a lot to the both of us.",1330446595784060934
336,You need to get hit by Truck-kun. https://t.co/n8gAJpVICg,1330445936175112192
337,"Nag-IPO some weeks ago saka naman nasira ng todo-todo service. 
Luh?",1328759321589547009
338,Tara laro https://t.co/KnUpaNDjcJ,1325387281528598530
339,Samedt. https://t.co/WF85pHBQ1K,1315629414047129600
340,"That moment when ready na ready ka na sa trade and potential risks then kulang capital. 
FML",1315627984712130564
341,"Roses are red;
Violets are blue; 
On September 27; 
I'm going to you.",1306264369815199745
342,"""Ang childish mo""
Oh thanks.""""",1305739578913861632
343,And thus you got a rejection from the person you wanted confirmation.,1305158524024942595
344,"I live in a constant state of fear and misery
Do you miss me anymore?
And I don't even notice
When it hurts anymore
Anymore
Anymore
Anymore",1304851185262759936
345,... oof.,1301545390005579776
346,Haaa... ang sakit.,1301499983103799303
347,It's usually those small sighs at the end can you really hear what your subconscious tells you.,1301499951860428803
348,"I always greet people with birthdays ""Happy New Year"" 
And not once have I heard a ""Why?""
It's always boisterous laughter of the idea. 

But the real reason is that I'm greeting a happy new year to their life.

Very unorthodox indeed, but I have my own reasons.",1301489722494078977
349,Days that will never be taken back.,1300372807847612416
350,I hate this time of day. It reminds me of the days gone.,1300372756278603777
351,You know that there's nothing left. So why?,1300351058749784071
352,Haaaa...,1297387207553056768
353,Bruh. Again?,1289900939239858178
354,Damn. Can't sleep.,1288898684579508225
355,Sana naman makapakinig ako ng bagong Ben &amp; Ben song na di depresed,1288898030066794501
356,Just needed to be mature... hehe...,1281224069564653569
357,"#‰ø∫„Ç¨„Ç§„É´
#oregairu
Today!!!!!",1281224007728021504
358,Need moar bitterness,1280821902672420864
359,Oh noes... ang pait ng kape...,1280821847357976576
360,#bdonomura DOWN AGAIN FOR 3 STRAIGHT DAYS?! Wow,1278503943530614785
361,Oops clean up. :[,1269809552955830272
362,"It's summer...
It really is summer. 
My brain feels like it's in summer.
But it's not summer.",1233265363506188289
363,...,1225920386480496640
364,"Waiting for someone to say: 
Hey David, I see you working hard. Good job. I'm very proud of you.",1225804910274306048
365,https://t.co/BMogiS8qXJ,1225804755861032962
366,But I'm fine. I can manage,1224598963187277825
367,"Hi, I'm David. And I'm an idiot.",1224598906446675971
368,Let's try listening to happy music to see if anything changes.,1224536501595148288
369,I'm so confused.,1224536291649261568
370,I'm actually really dumb.,1224535741423685634
371,https://t.co/1GUInsYD7b,1224520112142766081
372,I want it to last. Call me Martin.,1224319725376655361
373,This fam &lt;3 @Adodoots https://t.co/8P5Jbg2pDY,1223079812178370561
374,Gonna yeet mah career,1221614339406401537
375,I'm quite happy now,1221560543984734209
376,Cause make sure you tell my family it's okay. I'm sorry.,1220720054746124288
377,Just stop.,1220126304491622400
378,Be a martin? Nice,1219806022396674049
379,2 soon by keshi https://t.co/sfi5pdbIUV #NowPlaying,1219802804660908032
380,Well fuck.,1219801030927507456
381,I'm a non-invertible matix. Thanks.,1219626990531039237
382,If you gave an estimate then maybe I could've done things.,1219613608587300864
383,Or give a fucking definite answer.,1219612890295984128
384,The very least is I'm doing something instead of nothing.,1219612831575752711
385,Petty. Yeet.,1219612736272748544
386,How fucking long is medyo. Fuck.,1219612430906474496
387,Still impatient as fuck.,1219612246591950848
388,I've never felt so excited yet so nervous and scared while being hopeful all in the same time.,1216158193740476416
389,I can't foresee anything.,1215818808515891205
390,Unforgettable.,1210931217312313344
391,I just need to calm down.,1204294561775771649
392,Fear and anxiety of being left.,1204293524964794369
393,The way I go home today is a sad one.,1204150017222565888
394,Freedom feels weird,1203922861376753664
395,This is my help.,1202970868663517184
396,"""Tulungan mo sarili mo."" 
Aight.",1202966644168900608
397,Looks like I don't have any right to feel sad.,1202966465864855553
398,Di pala problema eh bakit ko pinoproblema?,1202966316098830336
399,"In the end, I'm still lost about what I am. Maybe the trauma was just too much that I'm scared of a lot of things. I hope to gradually forget about those traumas to fully enjoy and grasp what I have.",1199533803129073665
400,What?,1199292846806712320
401,"""Ang childish mo."" 
""Nasasakal ako sayo.""",1199292116364513280
402,Just fuck,1199267813346512897
403,Fuck.,1199267780693856257
404,I fear the day that everything will come as natural.,1198887134377074688
405,"Most BS phrase I've read after a while ""PM is the key"". Bobo.",1194191365938135041
406,Galit tapos nadamay lahat.,1193429849903263744
407,Well shit. Just shit. Might lose it. Might not. Fuck.,1190810909326872577
408,"Ranting on twitter cuz nobody's gonna see this shit, I assume.",1190809675530293248
409,Well shit.,1190778313846865920
410,Yung nag undas tapos naiwan yung feelings sa sementeryo.,1190778224659165187
411,Malungkot nga talaga ang undas.,1190513457818300418
412,Just fuck.,1183979395771289600
413,I am so fucked.,1183979344948948993
414,At the very least let me prepare myself first.,1183978361124577280
415,Damn. It's so fucking hard.,1183978283987136512
416,"Suddenly, random k-pop song.",1170988178129309696
417,"Nobody: 
Me to a bee: Ya like jazz?",1169762895330041856
418,I doubt this will solve anything.,1161780469416919040
419,"You know what
Context wise. Both are fucked. But I won't stay here long enough to give a damn about what really transpired.",1161780254014238720
420,"You present a new idea and expect everyone to accept it. Good. This can be abused and exploited, and if that happens the ones who loses are the same people.",1161778902378766336
421,But I'm happy to have fallen to that cliff,1157991523796918282
422,And it's so steep,1157991174084235265
423,It's like a cliff,1157991025853394945
424,"Asked for one 
Got two",1157990947658989568
425,"Time and time again, I get reminded how shallow minded human can be. I am no exception.",1152856377116614656
426,"For real tho 
This is the most complicated thing I've gotten.",1151096999275450369
427,Lemme just kill it...,1149687088712863744
428,"Lol dude. Wtf 
I just confessed yesterday and got a 0.5 answer.",1149095921067544581
429,Because fuck you. That's fucking why.,1146766262426411008
430,Time to do what I do best.,1146766039461449730
431,I have no achievements that I can be proud for. But I'm fine with that. I can attest the way I live as my achievement.,1146400913180938240
432,"Haaaaa... 
It's exactly because of this that I don't think like that.",1146045183324069889
433,"Need to control urge to open Facebook. 
Need to exercise. 
Need to eat well.
Need to study.",1145865878170292225
434,"Time check 
7:46",1145841181030379520
435,Fuck.,1145840032634118145
436,"2 hours waiting 
Yay :D",1145839993438388224
437,Looks like I'm an impatient fuck.,1145827841147166720
438,Yup. Still tumorous.,1145666766388920320
439,I just don't get how some people can stand me.,1145665028210618373
440,I'm dumb.,1145339293004521473
441,I wake up to the feeling of wanting someone.,1144801703566303232
442,Moriset. Why the fuck do I wanna change my name to that.,1144223321497591813
443,"Nah fam. 
Fuck that.",1142909621696266240
444,"I used to hate sleep. Now, sleep hates me.",1142904991469858816
445,https://t.co/ISoz7G6k7v via @9GAG,1142349690228187136
446,I contemplate just to contemplate again,1142227901221228544
447,"""Bakit an-sikip""
-Alanis, 2019 
In context of editing powerpoint diagram",1141902917512781825
448,Tfidf is not removing words bitch. It's the calculation of importance of each word in a sentence. Now I can sleep. Fux.,1141860054947078146
449,"Dude thought that pure understanding of a programming language was enough. 
Sure.",1141858277392707584
450,Can I quantify myself?,1141852855654969344
451,Oops missed my opportunity to post in twitter,1141852797870063616
452,"To merge something, you have to understand it.",1141123528097292289
453,"It's either my mind went on a wild tangent or 
It's a bright idea.",1141119673594871808
454,Happy birthday 2nd... 3r...4th best girl! https://t.co/rFsKKJ4bkH,1140948018251755520
455,Frustrations then fulfillment. Fuck I wanna pursue a master's degree but I don't know which to get for a PhD in AI. Send help,1140947543456485376
456,Rita please save my soul. https://t.co/L7BlFd12XV,1140237930234933248
457,"Seriously, random person. 
Fuck off.",1140187856926674944
458,"Random person, you better thank Yanaginagi's heavenly voice.",1140115277109030914
459,Just. Fuck.,1140107729165377536
460,"And in the end, research comes to a halt due to ethics and respect.",1140073959167164416
461,Finally came back to spotify premium. Simply one of thw best purchase ever.,1139979210875785217
462,"I somehow fucked up mny goals alo g the way but still arrived towards the dream that I want. 
Hey younger me, I'm sure you'll be proud once you meet me.",1139515966235140096
463,"I have a lot of books to read... 
I love it!!!!",1139510861838446592
464,My mind is as feeble as it gets.,1139489967665635328
465,"Magic. 
The explanation for everything that I'm ignorant of.",1139316269847420931
466,"Fuck. Dabbled too hard in k-pop. 
I know like it.",1138723171857600512
467,"ÂçÉÊ≠≥„Åè„Çì„ÅØ„É©„É†„ÉçÁì∂„ÅÆ„Å™„Åã
Note to self: Read this.",1138074143880953856
468,The disparity with my values and yours is enormous.  My mind is twisted and clouded. But fuck you sir. Tilt your fucking chair forward. I paid as well fucker.,1138047982476021763
469,It's the sad story of a boy liking something of which is dumber than an average human but smarter than it at the same time.,1138007389515292677
470,The great action is ruined by the sucky reason behind it,1137356529949003776
471,2 hands ain't enough for me,1136279177651400704
472,"Yeet should I train myself to have ADHD 
Cuz frick y that goes that with history.
Hazero Real! Hajiker EEEEEEEEEEEEEEEEEEEEEEEEEEEEEEEEEEEEEEEEEEEEEEEEEEEEEEEEEEEEEEEEEEEEEEEEEEEEEEEEEEEEEEEEEEEEEEEEEEEEEE
- Non-sentient HNJ AI, 2019
HAHAHAHA",1134295196500353029
473,"""What's up it work, yuhssss!
AAAAAAAAAAAAAAAAAAAAAAAAAAAAAAAAAAAAAAAAAAAAAAAAAAAAAAAAAAAAAAAAAAAAAAAAAAAAAAAAAAAAAAAAAAAAAAAAAAAAAAAAAAAAAAAAAAAAAAAAAAAAAAAAAAAAAAAAAAAAAAAAAAAAAAAAAAAAAAAAAAAAAAAAAAAAAAAAAAAAAA""
I couldn't have said it better myself lmao 
Loss is 0.2332",1134291719330000896
474,"I might've overfit it if I push epoch more.... 
Fck it XD",1134290919727878144
475,"""What's up worthwhile.
If 2: 
Make! halagily thang you
3aver me it's because som then, lele i, prain my model with... I need to pass about uhhh. 8he movement jetp Duh 
Not mesi N://t.co/ILnIrYBOIJ
It's so daveaa""
AND HERE'S ONE WITH 0.2834 LOSS HAHAHAHA",1134290418336538624
476,"What's up lwee b'os sedtpri
aha 
Wcin ar ousee  cokainbiteerssy 
Aka!
WSSSSS1SD
SSS
Uuvalik onee Su b bu than lVW
Ra'lad  oud aiet ungo af sive 
ahasip 
Bedeoo airor g meme, oPe""
Mtimkeetobeox0e am y's I to Eoh I st ofrsalyietawit
Mowawyo I khp
Here's another with loss of 2.7875",1134288481222479872
477,"What's up ""a oei
nrid hhagamn.WDmfeeA:)rpgbidcg'*Á•ù.
 'autshatfisiSCIarnme  mHy.nQ
'WMpe/ADIl]3WIllsmüåéHUrjyb. nU    ttah i.takeios
 o/./HS o@lwymiSa ienb meelc n aksygk3.kv8bihas   ptuleipar am oeuhtiksc hapieS
 y""
This is my tweet now apparently HAHAHA",1134285556429410304
478,"Meh, let it be stuck to 167 then fck",1134258014897168384
479,Tweet 4,1134257824815411200
480,tweet 3,1134257643768258561
481,tweet 2,1134257623501402112
482,Tweet 1,1134257598482358272
483,Making some tweets for my AI model to train on HAHAHA... I need to pass about uhhh 8 more,1134257525761531904
484,"I'm dumb but for some unknown reason, I became smart hahahaha 
And I'm still dumb",1133492236644044800
485,Quick. Think of a game!,1133390488839569409
486,"It's not that I'm being bitter and hating on what that person does.  It's more like ""What demeaning shit is this person doing?""",1133327188277714945
487,"I curse myself for browsing facebook hahahah 
Time to uninstall something yeet",1133324096744222722
488,Need to draw.,1132991050757226497
489,"Make uhh fuck I forgot
A neural conversational model. 
Seq2seq",1132964850454257664
490,"The more I read 
The more it makes sense
I sure am dumb hahah",1132953556405837824
491,It's the ignorance that I like. Not the human.,1132950477518147584
492,The bullshit finally stopped,1132943979727577088
493,"Time to bullshit in social media cuz my brain is acting up. 
Hahahhahahahah",1132942825291522048
494,"I diagnose myself to have ADHD 
Cuz frick you",1132940325297610752
495,"Damn 
I suck at facial differentiation",1132939644687884288
496,"Note to self
Train brain in human recognition",1132934292458262530
497,"If I'll be living, then I'll make it worthwhile.",1132622451072888834
498,"If 2: 
Make a story that goes that with history.",1132622223913545728
499,"Bucket List: 
Either live long enough to see the birth of sentient AI
Or be one of the contributors to sentient AI. 
If 2: 
Fulfill my childish dream.",1132621707485671424
500,"Sup nerds 
Watch Tateyuu.
Right now.",1132185852048621569
501,I'm slowly getting used to sleeping late and waking up early.,1131552815724130304
502,"Like what I've said. 
Read this! https://t.co/feKEWo57jj",1129644455789678592
503,Yeeeet boi https://t.co/odFwtlfLej,1129406958337871873
504,"Ara ara ara ara ara ara ara ara 

Damnit!
I wish for a Chiyo-nee as well",1129406648630403072
505,"Once again 
I'm dumb",1128675638267658243
506,"I now have mixed condescending feelings about our, the Philippines', political status. 
But one thing is for sure. I still stand by the idea that the ""Aquino administration"" is dumb and fucked.",1128560319255568384
507,Note to self: Read this https://t.co/XyjtSmRUrl,1128455956738633728
508,SALASAA!,1128261078759043073
509,I guess I'm an idealist but I keep 'em to myself and keep on observing.,1128260575362818048
510,"Movie Review: 
No Game No Life -zero- 
I commend the author for killing the main characters. That my friend takes balls, and you have a lot of balls.",1128257245282689027
511,"It's so damning to know that the reason you win is due to popularity and not because of competence. 
If that was me, I'd rather not take the seat and just render it to someone more fitting. But then again, the world isn't black and white. It's fucked.",1128256522872590336
512,"Kyoukai no kanata mirai hen
Gets a 6/10 for me 
It's a love problem dressed as chuunibyou",1128253525643780096
513,Congratulations on destroying your life.,1128192191648501761
514,I'll be free after a bit then become busy again,1127781104285405184
515,Note to self: Read this. https://t.co/ZS3qLLV5Oz,1127780990615556096
516,"Google I admire the technologies that you have developed! 
Also, that credit card wall that blocks me from using your other services. 
HAHAH",1127485059517181953
517,Right. It's time to tackle auto-complete.,1127469695345410049
518,"Me: Hi doc!
Doctor: That's 500php. 
Me: https://t.co/7cQgDhOI7D",1126105918016327680
519,"That was close
I almost got sucked by facebook 
Hahahah it only took 140 seconds to look away hahahaha",1126057122234372098
520,Time to do stuff then,1125915984949170181
521,Ppppffffffck. I have tons to do now,1125545683178512384
522,I foresee. My money going reee.,1124311099996766209
523,I still want to play Bloodborne...,1123964508328927234
524,My alarm is about to go off any minute now. Help. Send Help.,1123688824650043392
525,Oh no... I fear success more than failure... I code without testing and it worked. Oh God No.,1123688296054493184
526,"If there was a meta manga that features an mc named smthn like bg-kun and exploits on the plot holes of famous manga, I'd read it.",1123687606104002560
527,"If anyone is asking 
Das mi mum 
Say hiiiiii 
Me: holaaaaaaaa momaaaaa",1123686130971553793
528,"Fuck. Didn't think I'd be debugging until this time. i blame the build time for it and not me. Yeee
Sponsor me pls.",1123685914788679680
529,Self reminder: fangirl on Gagaga bunko books,1123562603861630977
530,"Oh wait... hahaha nevermind 
I just didn't read it properly XD
SUSUMEEEE! 
Tho I'll still rebuild this in react-js either way. It's still a win-win scenario for me yeet.",1123499805534121984
531,"Hazero Real! Hajikero Synapse! BANISHMENT! THIS! WAAAAAAAAAAAAAAARUUUUUUUUUUUDDDDDDDDDDDOOOOOOOOOOOOOOOOO!
I now have chuunibyou &lt;3

#chu2koi",1123497347881684992
532,"Starting from a fresh new build and redoing what I've achieved... 
Well... it's not bad but... yeah.... Let's just do it hahahaha",1123496611487703042
533,"With that said.
Time to steer my life for the better.",1123396574183170049
534,Thank you Jessica.,1123396543568965632
535,"It wasn't a nightmare but I've confirmed that I moved on. 
Thank you brain for finally letting me have a peace of mind.",1123396303277322241
536,And that she moved here just to see me.,1123395877605822465
537,I went back in time where it all still hurts.,1123395779240972289
538,I had a dream.,1123395627398967298
539,"Lul 
I'm what?",1121601273692733441
540,"Ffffffffffuuuuu... 
I should do something",1121271077097758720
541,The irony of it is I'm sad but I just can't give a fuck about the reason why I am. It's like a fucks container that's already been empty a long time ago. Like a cookie jar. Shit's empty and nobody's happy about it.,1119801256543866880
542,Haaaaa... I lack self control,1119772450554728449
543,Duuuuudee... Just... I need to wake up early tomorrow... like at 5 am,1119639378282729472
544,Mistakes were made...,1119639171595849728
545,"REEEEEEEEEEEEEEEEEE why'd I shy away from laravellll reeeeeee 
I'm liking it's structurereeeeeeeeeeeeeeeeeeeeeeeeeeeeeeeeeee
feelingCuteMightDeleteLater",1119549450807017472
546,"Now trying to scratch Laravel, is it just me or dev environment setup went fast? I'm suspicious of this, will this bite me back on dev stages?",1119527902326902784
547,Fck.. now I'm supposed to study,1118678705348366336
548,The Snappening just happened.,1116725035039780864
549,Exactly. https://t.co/z15JicusWW,1116089787767828480
550,"Goal for someday 
Recreate the famous Beatles album cover by myself.",1115957482088570880
551,I have no time to be depressed xD,1115911240927391744
552,"I'm a bad person 
But I sure found good people",1115830424079671297
553,"Well would you look at that 
I've sifted through my relations and placed them in the right place.",1115528675452051456
554,"Aight. 
Ethical training.",1115513563144056832
555,"Every second is excruciating reeeeeeeee 
How do i say sorry?",1115512837298765825
556,"Oh god no 
I've done something irreversible",1115512024920760321
557,"Oh my fuckin god 
I have serious ethical issues. 
I need help like serious help.",1115511548175237120
558,"It's my lucky day! 
I'll be subjecting myself to experiments",1115509736038780928
559,Ethical values.... you are in the way of learning!,1115509413744222209
560,How does that look on an ethical stand point?,1115504104850071552
561,Should I use the chats I've had with my ex?,1115503988714033152
562,"Hmmmmm 
What dataset should I train my model with?",1115503818509131777
563,I wanna sleeeeeeeeeee... p,1115498057930498048
564,"Oh shit 
It was kaggle and google collab 
Reeeeeeeeeeeee 
Now to imagine how I‚Äôll use everything else while sleeping",1115463223279362049
565,"Dialogflow
Tensorflow 
Ionic 
Angular 
Android 
What else am I missing to make my own personal assitant?",1115457796164608000
566,"Less sleep. No rewards. 
Is this adult life? XD",1115457503192436737
567,Fck I forgot what I was gonna say xD,1115452110466736128
568,"Why is Twitter spelled as Twi and not Twee? 
Am I dumb? (Yes)",1115304829901889536
569,I am blurred. Not because I am Japanese. But because I vibrate on a different plane of existence.,1115293800639807489
570,"Kakapeepee poopoo 
My brain is doodoo",1114911680734027776
571,Aaaaaaaahghhhhhhhleluya ahleuya ah a luya,1114875624839979008
572,"Why do I twitter? 
To rant.
And to be random.",1114864636761739264
573,I don't get it ahhhhhhh.,1114214757102305281
574,Wotaaaaaaaaaaaan,1114097713207844864
575,What is this? An oregairu clone? Sign me up! https://t.co/JkkbKO5IvU,1113896646360743936
576,Anime about teens playing koto. Nope. https://t.co/bGM7znHPU6,1113896068394053632
577,"THE GODAWFUL SITE I HAD TO SIT THROUGH!
JESU*FCK WHO THE HELL DOES THAT?!
INFORMATION BLOATING. TOO MUCH IMAGES. AND TOO MANY MOVING THINGS. JUST FOCUS ON THE IMPORTANT INFO!",1113895233018781696
578,What have I gotten myself into,1113891827919151104
579,"Note to self: buy a copy of ""The low tier character 'Tomozaki-kun'""",1113811310280466432
580,Corporal attire. My straight jacket.,1113808578530369537
581,"Gaaaaaa 
I'm confused af with angularfire2",1113803656921370626
582,Gahd I need to sleep but I also need to work,1113230074696716289
583,I'm mature. After a bit of time.,1113031271532290048
584,"Aight twitter, I give up. 
I did say that I like someone but it's just unrequited so I'll stop. 
So... 
HAHAHAHAHA",1112784322887446528
585,Notice me senpai,1112676419807531009
586,Fuuuuckk.... Why am I trying to appeal to her reeeeeeeeee,1112673363418202112
587,Dude lol. I think I'm in love.,1112668076363780096
588,"Damn. This song good. 
https://t.co/C7jMHQLt7N",1112528863458816000
589,It's taking long to get rejected,1111894017006960641
590,Eyyy time to make admin page,1111236852239863809
591,No motivation to do anything. Uninspired. Depression kicking in.,1110420332047818752
592,"Yuhs, I'd get to see Irohasu again! 
Maybe some ""things"" will progress, maybe they won't. 
Really looking forward to Season 3.!!!!!!!! https://t.co/VsV4XOd9TU",1110158732070027264
593,"Everyone seems to be posting things about their ""special"" other, and here I am meme-ing about myself. 
I'm fine with that.",1110158062797488128
594,"I can only rant in twitter. 
Well fuck.",1107981967360847877
595,"I have more time to live, yay!

#Á•ù‰ø∫„Ç¨„Ç§„É´Á¨¨3Êúü https://t.co/eND0B3BD0H",1107884259505627136
596,"I unironically play AQ worlds. 
I actually like the game that I grew up with. Might've missed playing it four 4 years but it's still a good game nonetheless.",1107882247762247680
597,"dEfiNiTeLy n0t gEtTinG oN tHe bOaT bUt YaY Pewdiepie 
#SubscribetoPewdiepie #Sub2Pewds",1107882008233934848
598,"Okay, okay. 
I'm done with my movement tracker app, now onto make the site to visualize it. 
This will be hell &lt;3",1107880185787932673
599,DAY % fck me still but I've forgotten most of it,1107880056204869632
600,REEEEEEEEEEEEEEEEEEEEEEEEEEEEEEEEEEE,1107879969022050304
601,"YAAAAAAAAAAAAAAAAAAAAAAAAAAAAASSSSSSSSSSSSSSSSSSSSSSSSSSSSS 
YAAAAAAAAAAAAAAAAAAAAAAAAAAAAAAAASSSSSSSSSSSSSSSSSSSSSSSSSSSS
A movie would be nice but this is, this is PURE BLISS! REEEEEEEEEEEEEEEEE 
THANK YOU REEEEEEEEEEEEEEEEEEEEEEE https://t.co/wkYDGvu9Uu",1107879860460883968
602,"Day 3. 
Remind me again to never go into the ""shithole"" I call facebook.",1105373866170281984
603,Day 2.,1104557016515637249
604,Day 1.,1103467566050115584
605,"COLLECTING PANDAS??!! 
YES PLEASE!! https://t.co/vFwBVKxRCU",1094426241745047552
606,This tweet is from the command line,1094117642246381568
607,No progress today... shieeeet,1093877230571143171
608,"Welp 
React Native it is OWO)",1093507808715132929
609,Tensor flow? Suggestions?,1093423235511738368
610,"Done with blockchain
Now onto other shit 
MOBILE APP!",1093403771843993602
611,Tangina mo din abel,1092990201532534785
612,Fuck you robert Estopace JUNIOR.  Yung katabi ko,1092968642382319616
613,"Finally made it work, yuhssss!",1092785759201816576
614,AAAAAAAAAAAAAAAAAAAAAAAAAAAA WHAT THE AHHHHH ;3;,1092740320138153984
615,IT FU... It worked! YAHOO,1092717251805859840
616,I'm using twitter ... Is it working? Is this even my account?,1092716995890409472
617,"Bought my own domain... Just to use it for email sending XD 
What else can I use it for? 
I still can't afford web-hosting ;-;",1092697705401409536
618,Let's start fixing my twitter yay,1092032722963357701
619,What's another knife to a dead man?,1069864899436630016
620,"Khai Dreams - Ultimately 
Is this underrated or is he underrated?
Listen to it nonetheless OwO)/",1017033251293048832
